size,q,bot,trials,successes,timeouts,success_rate
60,0.0,bot1,100,100,0,1.0
60,0.0,bot2,100,100,0,1.0
60,0.0,bot3,100,100,0,1.0
60,0.0,bot4,100,100,0,1.0
60,0.1,bot1,100,96,0,0.96
60,0.1,bot2,100,99,0,0.99
60,0.1,bot3,100,99,0,0.99
60,0.1,bot4,100,99,0,0.99
60,0.2,bot1,100,91,0,0.91
60,0.2,bot2,100,96,0,0.96
60,0.2,bot3,100,97,0,0.97
60,0.2,bot4,100,99,0,0.99
60,0.3,bot1,100,89,0,0.89
60,0.3,bot2,100,94,0,0.94
60,0.3,bot3,100,95,0,0.95
60,0.3,bot4,100,96,0,0.96
60,0.4,bot1,100,82,0,0.82
60,0.4,bot2,100,86,0,0.86
60,0.4,bot3,100,86,0,0.86
60,0.4,bot4,100,88,0,0.88
60,0.5,bot1,100,79,0,0.79
60,0.5,bot2,100,81,0,0.81
60,0.5,bot3,100,81,0,0.81
60,0.5,bot4,100,82,0,0.82
60,0.6,bot1,100,76,0,0.76
60,0.6,bot2,100,77,0,0.77
60,0.6,bot3,100,77,0,0.77
60,0.6,bot4,100,78,0,0.78
60,0.7,bot1,100,69,0,0.69
60,0.7,bot2,100,69,0,0.69
60,0.7,bot3,100,69,0,0.69
60,0.7,bot4,100,71,0,0.71
60,0.8,bot1,100,66,0,0.66
60,0.8,bot2,100,66,0,0.66
60,0.8,bot3,100,66,0,0.66
60,0.8,bot4,100,68,0,0.68
60,0.9,bot1,100,62,0,0.62
60,0.9,bot2,100,63,0,0.63
60,0.9,bot3,100,63,0,0.63
60,0.9,bot4,100,64,0,0.64
60,1.0,bot1,100,56,0,0.56
60,1.0,bot2,100,56,0,0.56
60,1.0,bot3,100,56,0,0.56
60,1.0,bot4,100,57,0,0.57
